<?xml version="1.0" encoding="UTF-8"?><?xml-stylesheet type='text/xsl' href='_UpgradeReport_Files/UpgradeReport.xslt'?><UpgradeLog>
<Properties><Property Name="Solution" Value="XNA0126Proj">
</Property><Property Name="Solution File" Value="E:\JXNA\Projects\XNA0126Proj\XNA0126Proj.sln">
</Property><Property Name="User Options File" Value="E:\JXNA\Projects\XNA0126Proj\XNA0126Proj.suo">
</Property><Property Name="Date" Value="Thursday, November 03, 2011">
</Property><Property Name="Time" Value="19:21 PM">
</Property><Property Name="Solution" Value="XNA0126Proj">
</Property><Property Name="Solution File" Value="E:\JXNA\Projects\XNA0126Proj\XNA0126Proj.sln">
</Property><Property Name="Date" Value="Thursday, November 03, 2011">
</Property><Property Name="Time" Value="19:21:27 PM">
</Property></Properties><Event ErrorLevel="0" Project="" Source="XNA0126Proj.sln" Description="File successfully backed up as E:\JXNA\Projects\XNA0126Proj\Backup\XNA0126Proj.sln">
</Event><Event ErrorLevel="0" Project="" Source="XNA0126Proj.suo" Description="File successfully backed up as E:\JXNA\Projects\XNA0126Proj\Backup\XNA0126Proj.suo">
</Event><Event ErrorLevel="0" Project="XNA0126Proj" Source="XNA0126Proj\XNA0126Proj.csproj" Description="Upgraded XNA Game Studio project to XNA Framework 4.0.">
</Event><Event ErrorLevel="0" Project="XNA0126Proj" Source="XNA0126Proj\XNA0126Proj.csproj" Description="Project file successfully backed up as E:\JXNA\Projects\XNA0126Proj\Backup\XNA0126Proj\XNA0126Proj.csproj">
</Event><Event ErrorLevel="0" Project="XNA0126Proj" Source="XNA0126Proj\XNA0126Proj.csproj.user" Description="Project user file successfully backed up as E:\JXNA\Projects\XNA0126Proj\Backup\XNA0126Proj\XNA0126Proj.csproj.user">
</Event><Event ErrorLevel="0" Project="XNA0126Proj" Source="XNA0126Proj\Properties\AssemblyInfo.cs" Description="File successfully backed up as E:\JXNA\Projects\XNA0126Proj\Backup\XNA0126Proj\Properties\AssemblyInfo.cs">
</Event><Event ErrorLevel="0" Project="XNA0126Proj" Source="XNA0126Proj\Program.cs" Description="File successfully backed up as E:\JXNA\Projects\XNA0126Proj\Backup\XNA0126Proj\Program.cs">
</Event><Event ErrorLevel="0" Project="XNA0126Proj" Source="XNA0126Proj\Game1.cs" Description="File successfully backed up as E:\JXNA\Projects\XNA0126Proj\Backup\XNA0126Proj\Game1.cs">
</Event><Event ErrorLevel="0" Project="XNA0126Proj" Source="XNA0126Proj\Sprite.cs" Description="File successfully backed up as E:\JXNA\Projects\XNA0126Proj\Backup\XNA0126Proj\Sprite.cs">
</Event><Event ErrorLevel="0" Project="XNA0126Proj" Source="XNA0126Proj\Game.ico" Description="File successfully backed up as E:\JXNA\Projects\XNA0126Proj\Backup\XNA0126Proj\Game.ico">
</Event><Event ErrorLevel="0" Project="XNA0126Proj" Source="XNA0126Proj\GameThumbnail.png" Description="File successfully backed up as E:\JXNA\Projects\XNA0126Proj\Backup\XNA0126Proj\GameThumbnail.png">
</Event><Event ErrorLevel="0" Project="XNA0126Proj" Source="XNA0126Proj\XNA0126Proj.csproj" Description="Project converted successfully">
</Event><Event ErrorLevel="3" Project="XNA0126Proj" Source="XNA0126Proj\XNA0126Proj.csproj" Description="Converted">
</Event><Event ErrorLevel="0" Project="" Source="XNA0126Proj.sln" Description="Solution converted successfully">
</Event><Event ErrorLevel="3" Project="" Source="XNA0126Proj.sln" Description="Converted">
</Event><Event ErrorLevel="0" Project="XNA0126Proj" Source="XNA0126Proj\XNA0126Proj.csproj" Description="Scan complete: Upgrade not required for project files.">
</Event><Event ErrorLevel="0" Project="XNA0126Proj" Source="XNA0126Proj\XNA0126Proj.csproj" Description="Upgraded XNA Framework references to XNA Framework 4.0.">
</Event><Event ErrorLevel="0" Project="Content.contentproj" Source="blueball.PNG" Description="Copied XNA Game Studio Content Project content to backup location.">
</Event><Event ErrorLevel="0" Project="Content.contentproj" Source="Content.contentproj" Description="Copied XNA Game Studio Content Project content to backup location.">
</Event><Event ErrorLevel="0" Project="Content.contentproj" Source="greenball.png" Description="Copied XNA Game Studio Content Project content to backup location.">
</Event><Event ErrorLevel="0" Project="Content.contentproj" Source="redball.png" Description="Copied XNA Game Studio Content Project content to backup location.">
</Event><Event ErrorLevel="0" Project="XNA0126ProjContent" Source="XNA0126Proj\Content\XNA0126ProjContent.contentproj" Description="Upgraded XNA Game Studio nested content projects to XNA Framework 4.0 and promoted to sibling project.">
</Event></UpgradeLog>