<?xml version="1.0" encoding="UTF-8"?><?xml-stylesheet type='text/xsl' href='_UpgradeReport_Files/UpgradeReport.xslt'?><UpgradeLog>
<Properties><Property Name="Solution" Value="XNA0120Proj">
</Property><Property Name="Solution File" Value="E:\JXNA\Projects\XNA0120Proj\XNA0120Proj.sln">
</Property><Property Name="User Options File" Value="E:\JXNA\Projects\XNA0120Proj\XNA0120Proj.suo">
</Property><Property Name="Date" Value="Thursday, November 03, 2011">
</Property><Property Name="Time" Value="19:32 PM">
</Property><Property Name="Solution" Value="XNA0120Proj">
</Property><Property Name="Solution File" Value="E:\JXNA\Projects\XNA0120Proj\XNA0120Proj.sln">
</Property><Property Name="Date" Value="Thursday, November 03, 2011">
</Property><Property Name="Time" Value="19:33:03 PM">
</Property></Properties><Event ErrorLevel="0" Project="" Source="XNA0120Proj.sln" Description="File successfully backed up as E:\JXNA\Projects\XNA0120Proj\Backup\XNA0120Proj.sln">
</Event><Event ErrorLevel="0" Project="" Source="XNA0120Proj.suo" Description="File successfully backed up as E:\JXNA\Projects\XNA0120Proj\Backup\XNA0120Proj.suo">
</Event><Event ErrorLevel="0" Project="XNA0120Proj" Source="XNA0120Proj\XNA0120Proj.csproj" Description="Upgraded XNA Game Studio project to XNA Framework 4.0.">
</Event><Event ErrorLevel="0" Project="XNA0120Proj" Source="XNA0120Proj\XNA0120Proj.csproj" Description="Project file successfully backed up as E:\JXNA\Projects\XNA0120Proj\Backup\XNA0120Proj\XNA0120Proj.csproj">
</Event><Event ErrorLevel="0" Project="XNA0120Proj" Source="XNA0120Proj\XNA0120Proj.csproj.user" Description="Project user file successfully backed up as E:\JXNA\Projects\XNA0120Proj\Backup\XNA0120Proj\XNA0120Proj.csproj.user">
</Event><Event ErrorLevel="0" Project="XNA0120Proj" Source="XNA0120Proj\Properties\AssemblyInfo.cs" Description="File successfully backed up as E:\JXNA\Projects\XNA0120Proj\Backup\XNA0120Proj\Properties\AssemblyInfo.cs">
</Event><Event ErrorLevel="0" Project="XNA0120Proj" Source="XNA0120Proj\Program.cs" Description="File successfully backed up as E:\JXNA\Projects\XNA0120Proj\Backup\XNA0120Proj\Program.cs">
</Event><Event ErrorLevel="0" Project="XNA0120Proj" Source="XNA0120Proj\Game1.cs" Description="File successfully backed up as E:\JXNA\Projects\XNA0120Proj\Backup\XNA0120Proj\Game1.cs">
</Event><Event ErrorLevel="0" Project="XNA0120Proj" Source="XNA0120Proj\Game.ico" Description="File successfully backed up as E:\JXNA\Projects\XNA0120Proj\Backup\XNA0120Proj\Game.ico">
</Event><Event ErrorLevel="0" Project="XNA0120Proj" Source="XNA0120Proj\GameThumbnail.png" Description="File successfully backed up as E:\JXNA\Projects\XNA0120Proj\Backup\XNA0120Proj\GameThumbnail.png">
</Event><Event ErrorLevel="0" Project="XNA0120Proj" Source="XNA0120Proj\XNA0120Proj.csproj" Description="Project converted successfully">
</Event><Event ErrorLevel="3" Project="XNA0120Proj" Source="XNA0120Proj\XNA0120Proj.csproj" Description="Converted">
</Event><Event ErrorLevel="0" Project="" Source="XNA0120Proj.sln" Description="Solution converted successfully">
</Event><Event ErrorLevel="3" Project="" Source="XNA0120Proj.sln" Description="Converted">
</Event><Event ErrorLevel="0" Project="XNA0120Proj" Source="XNA0120Proj\XNA0120Proj.csproj" Description="Scan complete: Upgrade not required for project files.">
</Event><Event ErrorLevel="0" Project="XNA0120Proj" Source="XNA0120Proj\XNA0120Proj.csproj" Description="Upgraded XNA Framework references to XNA Framework 4.0.">
</Event><Event ErrorLevel="0" Project="Content.contentproj" Source="Content.contentproj" Description="Copied XNA Game Studio Content Project content to backup location.">
</Event><Event ErrorLevel="0" Project="Content.contentproj" Source="gorightarrow.png" Description="Copied XNA Game Studio Content Project content to backup location.">
</Event><Event ErrorLevel="0" Project="XNA0120ProjContent" Source="XNA0120Proj\Content\XNA0120ProjContent.contentproj" Description="Upgraded XNA Game Studio nested content projects to XNA Framework 4.0 and promoted to sibling project.">
</Event></UpgradeLog>