<?xml version="1.0" encoding="UTF-8"?><?xml-stylesheet type='text/xsl' href='_UpgradeReport_Files/UpgradeReport.xslt'?><UpgradeLog>
<Properties><Property Name="Solution" Value="XNA0124Proj">
</Property><Property Name="Solution File" Value="E:\JXNA\Projects\XNA0124Proj\XNA0124Proj.sln">
</Property><Property Name="User Options File" Value="E:\JXNA\Projects\XNA0124Proj\XNA0124Proj.suo">
</Property><Property Name="Date" Value="Thursday, November 03, 2011">
</Property><Property Name="Time" Value="19:01 PM">
</Property><Property Name="Solution" Value="XNA0124Proj">
</Property><Property Name="Solution File" Value="E:\JXNA\Projects\XNA0124Proj\XNA0124Proj.sln">
</Property><Property Name="Date" Value="Thursday, November 03, 2011">
</Property><Property Name="Time" Value="19:02:03 PM">
</Property></Properties><Event ErrorLevel="0" Project="" Source="XNA0124Proj.sln" Description="File successfully backed up as E:\JXNA\Projects\XNA0124Proj\Backup\XNA0124Proj.sln">
</Event><Event ErrorLevel="0" Project="" Source="XNA0124Proj.suo" Description="File successfully backed up as E:\JXNA\Projects\XNA0124Proj\Backup\XNA0124Proj.suo">
</Event><Event ErrorLevel="0" Project="XNA0124Proj" Source="XNA0124Proj\XNA0124Proj.csproj" Description="Upgraded XNA Game Studio project to XNA Framework 4.0.">
</Event><Event ErrorLevel="0" Project="XNA0124Proj" Source="XNA0124Proj\XNA0124Proj.csproj" Description="Project file successfully backed up as E:\JXNA\Projects\XNA0124Proj\Backup\XNA0124Proj\XNA0124Proj.csproj">
</Event><Event ErrorLevel="0" Project="XNA0124Proj" Source="XNA0124Proj\XNA0124Proj.csproj.user" Description="Project user file successfully backed up as E:\JXNA\Projects\XNA0124Proj\Backup\XNA0124Proj\XNA0124Proj.csproj.user">
</Event><Event ErrorLevel="0" Project="XNA0124Proj" Source="XNA0124Proj\Properties\AssemblyInfo.cs" Description="File successfully backed up as E:\JXNA\Projects\XNA0124Proj\Backup\XNA0124Proj\Properties\AssemblyInfo.cs">
</Event><Event ErrorLevel="0" Project="XNA0124Proj" Source="XNA0124Proj\Program.cs" Description="File successfully backed up as E:\JXNA\Projects\XNA0124Proj\Backup\XNA0124Proj\Program.cs">
</Event><Event ErrorLevel="0" Project="XNA0124Proj" Source="XNA0124Proj\Game1.cs" Description="File successfully backed up as E:\JXNA\Projects\XNA0124Proj\Backup\XNA0124Proj\Game1.cs">
</Event><Event ErrorLevel="0" Project="XNA0124Proj" Source="XNA0124Proj\Game.ico" Description="File successfully backed up as E:\JXNA\Projects\XNA0124Proj\Backup\XNA0124Proj\Game.ico">
</Event><Event ErrorLevel="0" Project="XNA0124Proj" Source="XNA0124Proj\GameThumbnail.png" Description="File successfully backed up as E:\JXNA\Projects\XNA0124Proj\Backup\XNA0124Proj\GameThumbnail.png">
</Event><Event ErrorLevel="0" Project="XNA0124Proj" Source="XNA0124Proj\XNA0124Proj.csproj" Description="Project converted successfully">
</Event><Event ErrorLevel="3" Project="XNA0124Proj" Source="XNA0124Proj\XNA0124Proj.csproj" Description="Converted">
</Event><Event ErrorLevel="0" Project="" Source="XNA0124Proj.sln" Description="Solution converted successfully">
</Event><Event ErrorLevel="3" Project="" Source="XNA0124Proj.sln" Description="Converted">
</Event><Event ErrorLevel="0" Project="XNA0124Proj" Source="XNA0124Proj\XNA0124Proj.csproj" Description="Scan complete: Upgrade not required for project files.">
</Event><Event ErrorLevel="0" Project="XNA0124Proj" Source="XNA0124Proj\XNA0124Proj.csproj" Description="Upgraded XNA Framework references to XNA Framework 4.0.">
</Event><Event ErrorLevel="0" Project="Content.contentproj" Source="Content.contentproj" Description="Copied XNA Game Studio Content Project content to backup location.">
</Event><Event ErrorLevel="0" Project="Content.contentproj" Source="Space.bmp" Description="Copied XNA Game Studio Content Project content to backup location.">
</Event><Event ErrorLevel="0" Project="Content.contentproj" Source="UFO.bmp" Description="Copied XNA Game Studio Content Project content to backup location.">
</Event><Event ErrorLevel="0" Project="XNA0124ProjContent" Source="XNA0124Proj\Content\XNA0124ProjContent.contentproj" Description="Upgraded XNA Game Studio nested content projects to XNA Framework 4.0 and promoted to sibling project.">
</Event></UpgradeLog>