<?xml version="1.0" encoding="UTF-8"?><?xml-stylesheet type='text/xsl' href='_UpgradeReport_Files/UpgradeReport.xslt'?><UpgradeLog>
<Properties><Property Name="Solution" Value="XNA0132Proj">
</Property><Property Name="Solution File" Value="E:\JXNA\Projects\XNA0132Proj\XNA0132Proj.sln">
</Property><Property Name="User Options File" Value="E:\JXNA\Projects\XNA0132Proj\XNA0132Proj.suo">
</Property><Property Name="Date" Value="Thursday, November 03, 2011">
</Property><Property Name="Time" Value="19:28 PM">
</Property><Property Name="Solution" Value="XNA0132Proj">
</Property><Property Name="Solution File" Value="E:\JXNA\Projects\XNA0132Proj\XNA0132Proj.sln">
</Property><Property Name="Date" Value="Thursday, November 03, 2011">
</Property><Property Name="Time" Value="19:28:43 PM">
</Property></Properties><Event ErrorLevel="0" Project="" Source="XNA0132Proj.sln" Description="File successfully backed up as E:\JXNA\Projects\XNA0132Proj\Backup\XNA0132Proj.sln">
</Event><Event ErrorLevel="0" Project="" Source="XNA0132Proj.suo" Description="File successfully backed up as E:\JXNA\Projects\XNA0132Proj\Backup\XNA0132Proj.suo">
</Event><Event ErrorLevel="0" Project="XNA0132Proj" Source="XNA0132Proj\XNA0132Proj.csproj" Description="Upgraded XNA Game Studio project to XNA Framework 4.0.">
</Event><Event ErrorLevel="0" Project="XNA0132Proj" Source="XNA0132Proj\XNA0132Proj.csproj" Description="Project file successfully backed up as E:\JXNA\Projects\XNA0132Proj\Backup\XNA0132Proj\XNA0132Proj.csproj">
</Event><Event ErrorLevel="0" Project="XNA0132Proj" Source="XNA0132Proj\XNA0132Proj.csproj.user" Description="Project user file successfully backed up as E:\JXNA\Projects\XNA0132Proj\Backup\XNA0132Proj\XNA0132Proj.csproj.user">
</Event><Event ErrorLevel="0" Project="XNA0132Proj" Source="XNA0132Proj\Properties\AssemblyInfo.cs" Description="File successfully backed up as E:\JXNA\Projects\XNA0132Proj\Backup\XNA0132Proj\Properties\AssemblyInfo.cs">
</Event><Event ErrorLevel="0" Project="XNA0132Proj" Source="XNA0132Proj\Program.cs" Description="File successfully backed up as E:\JXNA\Projects\XNA0132Proj\Backup\XNA0132Proj\Program.cs">
</Event><Event ErrorLevel="0" Project="XNA0132Proj" Source="XNA0132Proj\Game1.cs" Description="File successfully backed up as E:\JXNA\Projects\XNA0132Proj\Backup\XNA0132Proj\Game1.cs">
</Event><Event ErrorLevel="0" Project="XNA0132Proj" Source="XNA0132Proj\Sprite.cs" Description="File successfully backed up as E:\JXNA\Projects\XNA0132Proj\Backup\XNA0132Proj\Sprite.cs">
</Event><Event ErrorLevel="0" Project="XNA0132Proj" Source="XNA0132Proj\Game.ico" Description="File successfully backed up as E:\JXNA\Projects\XNA0132Proj\Backup\XNA0132Proj\Game.ico">
</Event><Event ErrorLevel="0" Project="XNA0132Proj" Source="XNA0132Proj\GameThumbnail.png" Description="File successfully backed up as E:\JXNA\Projects\XNA0132Proj\Backup\XNA0132Proj\GameThumbnail.png">
</Event><Event ErrorLevel="0" Project="XNA0132Proj" Source="XNA0132Proj\XNA0132Proj.csproj" Description="Project converted successfully">
</Event><Event ErrorLevel="3" Project="XNA0132Proj" Source="XNA0132Proj\XNA0132Proj.csproj" Description="Converted">
</Event><Event ErrorLevel="0" Project="" Source="XNA0132Proj.sln" Description="Solution converted successfully">
</Event><Event ErrorLevel="3" Project="" Source="XNA0132Proj.sln" Description="Converted">
</Event><Event ErrorLevel="0" Project="XNA0132Proj" Source="XNA0132Proj\XNA0132Proj.csproj" Description="Scan complete: Upgrade not required for project files.">
</Event><Event ErrorLevel="0" Project="XNA0132Proj" Source="XNA0132Proj\XNA0132Proj.csproj" Description="Upgraded XNA Framework references to XNA Framework 4.0.">
</Event><Event ErrorLevel="0" Project="Content.contentproj" Source="blackWidowSpider.png" Description="Copied XNA Game Studio Content Project content to backup location.">
</Event><Event ErrorLevel="0" Project="Content.contentproj" Source="Content.contentproj" Description="Copied XNA Game Studio Content Project content to backup location.">
</Event><Event ErrorLevel="0" Project="Content.contentproj" Source="Kootenay.spritefont" Description="Copied XNA Game Studio Content Project content to backup location.">
</Event><Event ErrorLevel="0" Project="Content.contentproj" Source="ladybug.png" Description="Copied XNA Game Studio Content Project content to backup location.">
</Event><Event ErrorLevel="0" Project="Content.contentproj" Source="spiderwebB.jpg" Description="Copied XNA Game Studio Content Project content to backup location.">
</Event><Event ErrorLevel="0" Project="XNA0132ProjContent" Source="XNA0132Proj\Content\XNA0132ProjContent.contentproj" Description="Upgraded XNA Game Studio nested content projects to XNA Framework 4.0 and promoted to sibling project.">
</Event></UpgradeLog>