<?xml version="1.0" encoding="UTF-8"?><?xml-stylesheet type='text/xsl' href='_UpgradeReport_Files/UpgradeReport.xslt'?><UpgradeLog>
<Properties><Property Name="Solution" Value="XNA0132ProjA">
</Property><Property Name="Solution File" Value="E:\JXNA\Projects\XNA0132ProjA\XNA0132ProjA.sln">
</Property><Property Name="User Options File" Value="E:\JXNA\Projects\XNA0132ProjA\XNA0132ProjA.suo">
</Property><Property Name="Date" Value="Thursday, November 03, 2011">
</Property><Property Name="Time" Value="19:31 PM">
</Property><Property Name="Solution" Value="XNA0132ProjA">
</Property><Property Name="Solution File" Value="E:\JXNA\Projects\XNA0132ProjA\XNA0132ProjA.sln">
</Property><Property Name="Date" Value="Thursday, November 03, 2011">
</Property><Property Name="Time" Value="19:31:15 PM">
</Property></Properties><Event ErrorLevel="0" Project="" Source="XNA0132ProjA.sln" Description="File successfully backed up as E:\JXNA\Projects\XNA0132ProjA\Backup\XNA0132ProjA.sln">
</Event><Event ErrorLevel="0" Project="" Source="XNA0132ProjA.suo" Description="File successfully backed up as E:\JXNA\Projects\XNA0132ProjA\Backup\XNA0132ProjA.suo">
</Event><Event ErrorLevel="0" Project="XNA0132ProjA" Source="XNA0132ProjA\XNA0132ProjA.csproj" Description="Upgraded XNA Game Studio project to XNA Framework 4.0.">
</Event><Event ErrorLevel="0" Project="XNA0132ProjA" Source="XNA0132ProjA\XNA0132ProjA.csproj" Description="Project file successfully backed up as E:\JXNA\Projects\XNA0132ProjA\Backup\XNA0132ProjA\XNA0132ProjA.csproj">
</Event><Event ErrorLevel="0" Project="XNA0132ProjA" Source="XNA0132ProjA\XNA0132ProjA.csproj.user" Description="Project user file successfully backed up as E:\JXNA\Projects\XNA0132ProjA\Backup\XNA0132ProjA\XNA0132ProjA.csproj.user">
</Event><Event ErrorLevel="0" Project="XNA0132ProjA" Source="XNA0132ProjA\Properties\AssemblyInfo.cs" Description="File successfully backed up as E:\JXNA\Projects\XNA0132ProjA\Backup\XNA0132ProjA\Properties\AssemblyInfo.cs">
</Event><Event ErrorLevel="0" Project="XNA0132ProjA" Source="XNA0132ProjA\Program.cs" Description="File successfully backed up as E:\JXNA\Projects\XNA0132ProjA\Backup\XNA0132ProjA\Program.cs">
</Event><Event ErrorLevel="0" Project="XNA0132ProjA" Source="XNA0132ProjA\Game1.cs" Description="File successfully backed up as E:\JXNA\Projects\XNA0132ProjA\Backup\XNA0132ProjA\Game1.cs">
</Event><Event ErrorLevel="0" Project="XNA0132ProjA" Source="XNA0132ProjA\Game.ico" Description="File successfully backed up as E:\JXNA\Projects\XNA0132ProjA\Backup\XNA0132ProjA\Game.ico">
</Event><Event ErrorLevel="0" Project="XNA0132ProjA" Source="XNA0132ProjA\GameThumbnail.png" Description="File successfully backed up as E:\JXNA\Projects\XNA0132ProjA\Backup\XNA0132ProjA\GameThumbnail.png">
</Event><Event ErrorLevel="0" Project="XNA0132ProjA" Source="XNA0132ProjA\XNA0132ProjA.csproj" Description="Project converted successfully">
</Event><Event ErrorLevel="3" Project="XNA0132ProjA" Source="XNA0132ProjA\XNA0132ProjA.csproj" Description="Converted">
</Event><Event ErrorLevel="0" Project="" Source="XNA0132ProjA.sln" Description="Solution converted successfully">
</Event><Event ErrorLevel="3" Project="" Source="XNA0132ProjA.sln" Description="Converted">
</Event><Event ErrorLevel="0" Project="XNA0132ProjA" Source="XNA0132ProjA\XNA0132ProjA.csproj" Description="Scan complete: Upgrade not required for project files.">
</Event><Event ErrorLevel="0" Project="XNA0132ProjA" Source="XNA0132ProjA\XNA0132ProjA.csproj" Description="Upgraded XNA Framework references to XNA Framework 4.0.">
</Event><Event ErrorLevel="0" Project="Content.contentproj" Source="Content.contentproj" Description="Copied XNA Game Studio Content Project content to backup location.">
</Event><Event ErrorLevel="0" Project="Content.contentproj" Source="Lindsey.spritefont" Description="Copied XNA Game Studio Content Project content to backup location.">
</Event><Event ErrorLevel="0" Project="XNA0132ProjAContent" Source="XNA0132ProjA\Content\XNA0132ProjAContent.contentproj" Description="Upgraded XNA Game Studio nested content projects to XNA Framework 4.0 and promoted to sibling project.">
</Event></UpgradeLog>