<?xml version="1.0" encoding="UTF-8"?><?xml-stylesheet type='text/xsl' href='_UpgradeReport_Files/UpgradeReport.xslt'?><UpgradeLog>
<Properties><Property Name="Solution" Value="XNA0130Proj">
</Property><Property Name="Solution File" Value="E:\JXNA\Projects\XNA0130Proj\XNA0130Proj.sln">
</Property><Property Name="User Options File" Value="E:\JXNA\Projects\XNA0130Proj\XNA0130Proj.suo">
</Property><Property Name="Date" Value="Thursday, November 03, 2011">
</Property><Property Name="Time" Value="19:25 PM">
</Property><Property Name="Solution" Value="XNA0130Proj">
</Property><Property Name="Solution File" Value="E:\JXNA\Projects\XNA0130Proj\XNA0130Proj.sln">
</Property><Property Name="Date" Value="Thursday, November 03, 2011">
</Property><Property Name="Time" Value="19:26:12 PM">
</Property></Properties><Event ErrorLevel="0" Project="" Source="XNA0130Proj.sln" Description="File successfully backed up as E:\JXNA\Projects\XNA0130Proj\Backup\XNA0130Proj.sln">
</Event><Event ErrorLevel="0" Project="" Source="XNA0130Proj.suo" Description="File successfully backed up as E:\JXNA\Projects\XNA0130Proj\Backup\XNA0130Proj.suo">
</Event><Event ErrorLevel="0" Project="XNA0130Proj" Source="XNA0130Proj\XNA0130Proj.csproj" Description="Upgraded XNA Game Studio project to XNA Framework 4.0.">
</Event><Event ErrorLevel="0" Project="XNA0130Proj" Source="XNA0130Proj\XNA0130Proj.csproj" Description="Project file successfully backed up as E:\JXNA\Projects\XNA0130Proj\Backup\XNA0130Proj\XNA0130Proj.csproj">
</Event><Event ErrorLevel="0" Project="XNA0130Proj" Source="XNA0130Proj\XNA0130Proj.csproj.user" Description="Project user file successfully backed up as E:\JXNA\Projects\XNA0130Proj\Backup\XNA0130Proj\XNA0130Proj.csproj.user">
</Event><Event ErrorLevel="0" Project="XNA0130Proj" Source="XNA0130Proj\Properties\AssemblyInfo.cs" Description="File successfully backed up as E:\JXNA\Projects\XNA0130Proj\Backup\XNA0130Proj\Properties\AssemblyInfo.cs">
</Event><Event ErrorLevel="0" Project="XNA0130Proj" Source="XNA0130Proj\Program.cs" Description="File successfully backed up as E:\JXNA\Projects\XNA0130Proj\Backup\XNA0130Proj\Program.cs">
</Event><Event ErrorLevel="0" Project="XNA0130Proj" Source="XNA0130Proj\Game1.cs" Description="File successfully backed up as E:\JXNA\Projects\XNA0130Proj\Backup\XNA0130Proj\Game1.cs">
</Event><Event ErrorLevel="0" Project="XNA0130Proj" Source="XNA0130Proj\Sprite.cs" Description="File successfully backed up as E:\JXNA\Projects\XNA0130Proj\Backup\XNA0130Proj\Sprite.cs">
</Event><Event ErrorLevel="0" Project="XNA0130Proj" Source="XNA0130Proj\Game.ico" Description="File successfully backed up as E:\JXNA\Projects\XNA0130Proj\Backup\XNA0130Proj\Game.ico">
</Event><Event ErrorLevel="0" Project="XNA0130Proj" Source="XNA0130Proj\GameThumbnail.png" Description="File successfully backed up as E:\JXNA\Projects\XNA0130Proj\Backup\XNA0130Proj\GameThumbnail.png">
</Event><Event ErrorLevel="0" Project="XNA0130Proj" Source="XNA0130Proj\XNA0130Proj.csproj" Description="Project converted successfully">
</Event><Event ErrorLevel="3" Project="XNA0130Proj" Source="XNA0130Proj\XNA0130Proj.csproj" Description="Converted">
</Event><Event ErrorLevel="0" Project="" Source="XNA0130Proj.sln" Description="Solution converted successfully">
</Event><Event ErrorLevel="3" Project="" Source="XNA0130Proj.sln" Description="Converted">
</Event><Event ErrorLevel="0" Project="XNA0130Proj" Source="XNA0130Proj\XNA0130Proj.csproj" Description="Scan complete: Upgrade not required for project files.">
</Event><Event ErrorLevel="0" Project="XNA0130Proj" Source="XNA0130Proj\XNA0130Proj.csproj" Description="Upgraded XNA Framework references to XNA Framework 4.0.">
</Event><Event ErrorLevel="0" Project="Content.contentproj" Source="blackWidowSpider.png" Description="Copied XNA Game Studio Content Project content to backup location.">
</Event><Event ErrorLevel="0" Project="Content.contentproj" Source="brownSpider.bmp" Description="Copied XNA Game Studio Content Project content to backup location.">
</Event><Event ErrorLevel="0" Project="Content.contentproj" Source="Content.contentproj" Description="Copied XNA Game Studio Content Project content to backup location.">
</Event><Event ErrorLevel="0" Project="Content.contentproj" Source="greenspider.png" Description="Copied XNA Game Studio Content Project content to backup location.">
</Event><Event ErrorLevel="0" Project="Content.contentproj" Source="ladybug.png" Description="Copied XNA Game Studio Content Project content to backup location.">
</Event><Event ErrorLevel="0" Project="Content.contentproj" Source="spiderwebB.jpg" Description="Copied XNA Game Studio Content Project content to backup location.">
</Event><Event ErrorLevel="0" Project="XNA0130ProjContent" Source="XNA0130Proj\Content\XNA0130ProjContent.contentproj" Description="Upgraded XNA Game Studio nested content projects to XNA Framework 4.0 and promoted to sibling project.">
</Event></UpgradeLog>