<?xml version="1.0" encoding="UTF-8"?><?xml-stylesheet type='text/xsl' href='_UpgradeReport_Files/UpgradeReport.xslt'?><UpgradeLog>
<Properties><Property Name="Solution" Value="XNA0128Proj">
</Property><Property Name="Solution File" Value="E:\JXNA\Projects\XNA0128Proj\XNA0128Proj.sln">
</Property><Property Name="User Options File" Value="E:\JXNA\Projects\XNA0128Proj\XNA0128Proj.suo">
</Property><Property Name="Date" Value="Thursday, November 03, 2011">
</Property><Property Name="Time" Value="19:23 PM">
</Property><Property Name="Solution" Value="XNA0128Proj">
</Property><Property Name="Solution File" Value="E:\JXNA\Projects\XNA0128Proj\XNA0128Proj.sln">
</Property><Property Name="Date" Value="Thursday, November 03, 2011">
</Property><Property Name="Time" Value="19:23:47 PM">
</Property></Properties><Event ErrorLevel="0" Project="" Source="XNA0128Proj.sln" Description="File successfully backed up as E:\JXNA\Projects\XNA0128Proj\Backup\XNA0128Proj.sln">
</Event><Event ErrorLevel="0" Project="" Source="XNA0128Proj.suo" Description="File successfully backed up as E:\JXNA\Projects\XNA0128Proj\Backup\XNA0128Proj.suo">
</Event><Event ErrorLevel="0" Project="XNA0128Proj" Source="XNA0128Proj\XNA0128Proj.csproj" Description="Upgraded XNA Game Studio project to XNA Framework 4.0.">
</Event><Event ErrorLevel="0" Project="XNA0128Proj" Source="XNA0128Proj\XNA0128Proj.csproj" Description="Project file successfully backed up as E:\JXNA\Projects\XNA0128Proj\Backup\XNA0128Proj\XNA0128Proj.csproj">
</Event><Event ErrorLevel="0" Project="XNA0128Proj" Source="XNA0128Proj\XNA0128Proj.csproj.user" Description="Project user file successfully backed up as E:\JXNA\Projects\XNA0128Proj\Backup\XNA0128Proj\XNA0128Proj.csproj.user">
</Event><Event ErrorLevel="0" Project="XNA0128Proj" Source="XNA0128Proj\Properties\AssemblyInfo.cs" Description="File successfully backed up as E:\JXNA\Projects\XNA0128Proj\Backup\XNA0128Proj\Properties\AssemblyInfo.cs">
</Event><Event ErrorLevel="0" Project="XNA0128Proj" Source="XNA0128Proj\Program.cs" Description="File successfully backed up as E:\JXNA\Projects\XNA0128Proj\Backup\XNA0128Proj\Program.cs">
</Event><Event ErrorLevel="0" Project="XNA0128Proj" Source="XNA0128Proj\Game1.cs" Description="File successfully backed up as E:\JXNA\Projects\XNA0128Proj\Backup\XNA0128Proj\Game1.cs">
</Event><Event ErrorLevel="0" Project="XNA0128Proj" Source="XNA0128Proj\Sprite.cs" Description="File successfully backed up as E:\JXNA\Projects\XNA0128Proj\Backup\XNA0128Proj\Sprite.cs">
</Event><Event ErrorLevel="0" Project="XNA0128Proj" Source="XNA0128Proj\Game.ico" Description="File successfully backed up as E:\JXNA\Projects\XNA0128Proj\Backup\XNA0128Proj\Game.ico">
</Event><Event ErrorLevel="0" Project="XNA0128Proj" Source="XNA0128Proj\GameThumbnail.png" Description="File successfully backed up as E:\JXNA\Projects\XNA0128Proj\Backup\XNA0128Proj\GameThumbnail.png">
</Event><Event ErrorLevel="0" Project="XNA0128Proj" Source="XNA0128Proj\XNA0128Proj.csproj" Description="Project converted successfully">
</Event><Event ErrorLevel="3" Project="XNA0128Proj" Source="XNA0128Proj\XNA0128Proj.csproj" Description="Converted">
</Event><Event ErrorLevel="0" Project="" Source="XNA0128Proj.sln" Description="Solution converted successfully">
</Event><Event ErrorLevel="3" Project="" Source="XNA0128Proj.sln" Description="Converted">
</Event><Event ErrorLevel="0" Project="XNA0128Proj" Source="XNA0128Proj\XNA0128Proj.csproj" Description="Scan complete: Upgrade not required for project files.">
</Event><Event ErrorLevel="0" Project="XNA0128Proj" Source="XNA0128Proj\XNA0128Proj.csproj" Description="Upgraded XNA Framework references to XNA Framework 4.0.">
</Event><Event ErrorLevel="0" Project="Content.contentproj" Source="ball.bmp" Description="Copied XNA Game Studio Content Project content to backup location.">
</Event><Event ErrorLevel="0" Project="Content.contentproj" Source="Content.contentproj" Description="Copied XNA Game Studio Content Project content to backup location.">
</Event><Event ErrorLevel="0" Project="Content.contentproj" Source="Rock.bmp" Description="Copied XNA Game Studio Content Project content to backup location.">
</Event><Event ErrorLevel="0" Project="Content.contentproj" Source="UFO.bmp" Description="Copied XNA Game Studio Content Project content to backup location.">
</Event><Event ErrorLevel="0" Project="XNA0128ProjContent" Source="XNA0128Proj\Content\XNA0128ProjContent.contentproj" Description="Upgraded XNA Game Studio nested content projects to XNA Framework 4.0 and promoted to sibling project.">
</Event></UpgradeLog>